<?xml version="1.0" encoding="UTF-8"?>
<beans xmlns="http://www.springframework.org/schema/beans"
	xmlns:xsi="http://www.w3.org/2001/XMLSchema-instance" xmlns:context="http://www.springframework.org/schema/context"
	xmlns:tx="http://www.springframework.org/schema/tx" xmlns:jpa="http://www.springframework.org/schema/data/jpa"
	xmlns:mvc="http://www.springframework.org/schema/mvc"
	xsi:schemaLocation="
      http://www.springframework.org/schema/beans 
      http://www.springframework.org/schema/beans/spring-beans.xsd
 	  http://www.springframework.org/schema/context http://www.springframework.org/schema/context/spring-context.xsd
      http://www.springframework.org/schema/tx http://www.springframework.org/schema/tx/spring-tx.xsd
      http://www.springframework.org/schema/data/jpa http://www.springframework.org/schema/data/jpa/spring-jpa.xsd
      http://www.springframework.org/schema/mvc http://www.springframework.org/schema/mvc/spring-mvc-4.0.xsd">

	<!-- Scan for transaction-based resources -->
	<context:component-scan base-package="mum.waa.fd.app.domain" />
	<context:component-scan base-package="mum.waa.fd.app.service" />
	<context:component-scan base-package="mum.waa.fd.app.repository" />

	<!-- The jpa:repositories scans for all interfaces that extend Repository 
		and creates implementations for use at runtime. -->
	<jpa:repositories base-package="mum.waa.fd.app.repository" />

	<!-- Transaction Configuration: make transaction works and also to inject 
		the @PersistenceContext in @Repository -->
	<tx:annotation-driven transaction-manager="transactionManager" />
	<bean id="transactionManager" class="org.springframework.orm.jpa.JpaTransactionManager">
		<property name="entityManagerFactory" ref="entityManagerFactory" />
	</bean>
	<!-- End Transaction Configuration -->

	<!-- Creates a JPA EntityManagerFactory according to JPA's standard container 
		bootstrap contract. This is the most powerful way to set up a shared JPA 
		EntityManagerFactory in a Spring application context; -->
	<bean id="entityManagerFactory"
		class="org.springframework.orm.jpa.LocalContainerEntityManagerFactoryBean">
		<property name="dataSource" ref="dataSource" />
		<property name="packagesToScan" value="mum.waa.fd.app.domain" />

		<!-- provider-specific initialization,etc. -->
		<property name="jpaVendorAdapter">
			<bean class="org.springframework.orm.jpa.vendor.HibernateJpaVendorAdapter" />
		</property>
		<property name="jpaProperties">
			<props>
				<!-- validate: validate the schema, makes no changes to the database. 
					update: update the schema. create: creates the schema, destroying previous 
					data. create-drop: drop the schema at the end of the session. These options 
					intended to be developers tools and not to facilitate any production level 
					database -->
				<prop key="hibernate.hbm2ddl.auto">create-drop</prop>
				<!-- hibernate.dialect. This property makes Hibernate generate the appropriate 
					SQL for the chosen database. -->
				<prop key="hibernate.dialect">org.hibernate.dialect.MySQL5Dialect</prop>
				<prop key="hibernate.hbm2ddl.import_files">populate.sql</prop>
			</props>
		</property>

	</bean>

	<!-- Data Source Configuration -->
	<bean id="dataSource"
		class="org.springframework.jdbc.datasource.DriverManagerDataSource">
		<property name="driverClassName" value="com.mysql.jdbc.Driver" />
		<property name="url" value="jdbc:mysql://localhost:3306/medicoder" />
		<property name="username" value="root" />
		<property name="password" value="root" />
	</bean>
	<!-- End Data Source Configuration -->

	<!-- Post-processor to perform exception translation on @Repository classes 
		(from native exceptions such as JPA PersistenceExceptions to Spring DataAccessException 
		hierarchy). -->
	<bean id="persistenceExceptionTranslationPostProcessor"
		class="org.springframework.dao.annotation.PersistenceExceptionTranslationPostProcessor" />
</beans>
